fraction,n_train,accuracy,f1
0.05,2921,0.5649257307139435,0.5179581035472416
0.1,5843,0.6075706756109248,0.5737571299954749
0.2,11687,0.6538435211171196,0.629020749031806
0.5,29218,0.7297556300910397,0.716213165036008
1.0,58436,0.7928674105003765,0.7856910081074633
