epoch,train_frac,train_loss,val_accuracy,val_f1_macro
1,0.1,1.1943736672401428,0.6056338028169014,0.5347137989852171
