epoch,train_frac,train_loss,val_accuracy,val_f1_macro
1,0.1,1.190682628863138,0.6046277665995976,0.5641203455643474
2,0.1,0.8643482109065066,0.6559356136820925,0.6203095727150648
