fraction,regime,n_train,accuracy,f1_macro,delta_f1_vs_full
0.1,few-shot,500,0.4738430583501006,0.4530965440531103,-0.08452486602189557
0.2,few-shot,1000,0.5221327967806841,0.501555609873215,-0.03606580020179084
0.5,few-shot,2500,0.5291750503018109,0.5107462906651418,-0.02687511940986409
1.0,full-data,5000,0.5533199195171026,0.5376214100750059,0.0
