accuracy,f1_macro
0.6519114688128773,0.6347442938494064
