accuracy,f1_macro
0.579476861167002,0.5598756175203282
